name,location,link_url
Snow Goose,"Marble St. Island, Onondaga, New York, United States",/species/snogoo/US-NY
Brant,"Thomas Jefferson Park, Ctr. for Sci. & Math., waterfront, New York, New York, United States",/species/brant/US-NY
Cackling Goose,"Heath Road Wet Area,  Potsdam, New York, US (44.675, -74.931), St. Lawrence, New York, United States",/species/cacgoo1/US-NY
Mute Swan,"Stuyvesant Cove Park (18th-23rd St.), New York, New York, United States",/species/mutswa/US-NY
Trumpeter Swan,"Hunter Lake (private, no public access), Sullivan, New York, United States",/species/truswa/US-NY
Trumpeter Swan,"Iroquois NWR--Purple Martin Colony, Job Corps Site, Orleans, New York, United States",/species/truswa/US-NY
Trumpeter Swan,"Martins Pond, Washington, New York, United States",/species/truswa/US-NY
Trumpeter Swan,"Martins Pond, Washington, New York, United States",/species/truswa/US-NY
Trumpeter Swan,"Sour Springs Rd. (Orleans Co.), Orleans, New York, United States",/species/truswa/US-NY
Gadwall,"Stewart Park, Tompkins, New York, United States",/species/gadwal/US-NY
Gadwall,"Stewart Park, Tompkins, New York, United States",/species/gadwal/US-NY
American Wigeon,"Central Park--North End (N of 97th St. Transverse), New York, New York, United States",/species/amewig/US-NY
American Wigeon,"Central Park--North End (N of 97th St. Transverse), New York, New York, United States",/species/amewig/US-NY
American Wigeon,"Central Park--North End (N of 97th St. Transverse), New York, New York, United States",/species/amewig/US-NY
American Wigeon,"Central Park--North End (N of 97th St. Transverse), New York, New York, United States",/species/amewig/US-NY
American Wigeon,"Central Park--The Pool, New York, New York, United States",/species/amewig/US-NY
American Wigeon,"Central Park--The Pool, New York, New York, United States",/species/amewig/US-NY
American Wigeon,"Central Park--The Ravine (incl. The Loch), New York, New York, United States",/species/amewig/US-NY
Northern Pintail,"Sherburne 4 Corners ag fields & pond, Chenango, New York, United States",/species/norpin/US-NY
Northern Pintail,"Van Cortlandt Park--Southwest Zone, Bronx, New York, United States",/species/norpin/US-NY
Northern Pintail,"Van Cortlandt Park--Southwest Zone, Bronx, New York, United States",/species/norpin/US-NY
Northern Pintail,"Van Cortlandt Park--Southwest Zone, Bronx, New York, United States",/species/norpin/US-NY
Ring-necked Duck,"Siscowit Reservoir (Westchester Co.), Westchester, New York, United States",/species/rinduc/US-NY
Greater Scaup,"Canandaigua Lake, City Pier, Ontario, New York, United States",/species/gresca/US-NY
Common Eider,"Franklin D. Roosevelt Boardwalk and Beach--Ocean Breeze Fishing Pier, Richmond, New York, United States",/species/comeid/US-NY
Surf Scoter,"Fort Totten Park, Queens, New York, United States",/species/sursco/US-NY
Surf Scoter,"Fort Totten Park, Queens, New York, United States",/species/sursco/US-NY
Surf Scoter,"Fort Totten Park, Queens, New York, United States",/species/sursco/US-NY
Surf Scoter,"Manhattan Beach Park, Kings, New York, United States",/species/sursco/US-NY
Surf Scoter,"Plumb Beach, Kings, New York, United States",/species/sursco/US-NY
Surf Scoter,"Plumb Beach, Kings, New York, United States",/species/sursco/US-NY
Surf Scoter,"Plumb Beach, Kings, New York, United States",/species/sursco/US-NY
Black Scoter,"City Island, Belden Point, Bronx, New York, United States",/species/blksco2/US-NY
Black Scoter,"City Island, Belden Point, Bronx, New York, United States",/species/blksco2/US-NY
Black Scoter,"City Island, Belden Point, Bronx, New York, United States",/species/blksco2/US-NY
Black Scoter,"City Island, Belden Point, Bronx, New York, United States",/species/blksco2/US-NY
Black Scoter,"City Island, Belden Point, Bronx, New York, United States",/species/blksco2/US-NY
Black Scoter,"City Island, Belden Point, Bronx, New York, United States",/species/blksco2/US-NY
Black Scoter,"Fort Totten Park, Queens, New York, United States",/species/blksco2/US-NY
Common Goldeneye,"Canandaigua Lake, City Pier, Ontario, New York, United States",/species/comgol/US-NY
Wild Turkey,"The Battery, Manhattan, New York, New York, United States",/species/wiltur/US-NY
Wild Turkey,"The Battery, Manhattan, New York, New York, United States",/species/wiltur/US-NY
Wild Turkey,"The Battery, Manhattan, New York, New York, United States",/species/wiltur/US-NY
Wild Turkey,"The Battery, Manhattan, New York, New York, United States",/species/wiltur/US-NY
Wild Turkey,"The Battery, Manhattan, New York, New York, United States",/species/wiltur/US-NY
Wild Turkey,"The Battery, Manhattan, New York, New York, United States",/species/wiltur/US-NY
Yellow-billed Cuckoo,"Cornell Botanic Gardens--Mundy Wildflower Garden, Tompkins, New York, United States",/species/yebcuc/US-NY
Yellow-billed Cuckoo,"Cornell Botanic Gardens--Palmer Woods Natural Area, Tompkins, New York, United States",/species/yebcuc/US-NY
Yellow-billed Cuckoo,"Cornell Botanic Gardens--Palmer Woods Natural Area, Tompkins, New York, United States",/species/yebcuc/US-NY
Yellow-billed Cuckoo,"Cornell Botanic Gardens--Palmer Woods Natural Area, Tompkins, New York, United States",/species/yebcuc/US-NY
Yellow-billed Cuckoo,"Cornell Botanic Gardens--Palmer Woods Natural Area, Tompkins, New York, United States",/species/yebcuc/US-NY
Yellow-billed Cuckoo,"Cornell Botanic Gardens--Palmer Woods Natural Area, Tompkins, New York, United States",/species/yebcuc/US-NY
Yellow-billed Cuckoo,"Stevenson Rd. Game Farm and Compost, Tompkins, New York, United States",/species/yebcuc/US-NY
Black-billed Cuckoo,"Cheshire tributary field and forest, Chenango, New York, United States",/species/bkbcuc/US-NY
Black-billed Cuckoo,"NFC Station2, Oswego, New York, United States",/species/bkbcuc/US-NY
Black-billed Cuckoo,"Snyder Hill Road, Tompkins, New York, United States",/species/bkbcuc/US-NY
Common Nighthawk,"3854 N Buffalo St, Orchard Park US-NY 42.77879, -78.74547, Erie, New York, United States",/species/comnig/US-NY
Common Nighthawk,"999 Irish Settlement Rd, Freeville US-NY 42.43393, -76.32135, Tompkins, New York, United States",/species/comnig/US-NY
Common Nighthawk,"Bashakill State WMA--main boat launch (1131 S Rd.), Sullivan, New York, United States",/species/comnig/US-NY
Common Nighthawk,"Bellvale Community (restricted access), Orange, New York, United States",/species/comnig/US-NY
Common Nighthawk,"Bellvale Community (restricted access), Orange, New York, United States",/species/comnig/US-NY
Ruby-throated Hummingbird,"Sterling Nature Center, Cayuga, New York, United States",/species/rthhum/US-NY
Virginia Rail,"Jamaica Bay Wildlife Refuge--East Pond, north end, Queens, New York, United States",/species/virrai/US-NY
Virginia Rail,"Jamaica Bay Wildlife Refuge--East Pond, north end, Queens, New York, United States",/species/virrai/US-NY
Virginia Rail,"Jamaica Bay Wildlife Refuge--East Pond, north end, Queens, New York, United States",/species/virrai/US-NY
Virginia Rail,"Jamaica Bay Wildlife Refuge--East Pond, north end, Queens, New York, United States",/species/virrai/US-NY
Virginia Rail,"Jamaica Bay Wildlife Refuge--East Pond, north end, Queens, New York, United States",/species/virrai/US-NY
Virginia Rail,"Jerome Park Reservoir, Bronx, New York, United States",/species/virrai/US-NY
Sora,"Jamaica Bay Wildlife Refuge--East Pond, north end, Queens, New York, United States",/species/sora/US-NY
Sora,"Jamaica Bay Wildlife Refuge--East Pond, north end, Queens, New York, United States",/species/sora/US-NY
Sora,"Prospect Park, Kings, New York, United States",/species/sora/US-NY
Sora,"Prospect Park, Kings, New York, United States",/species/sora/US-NY
Sora,"Prospect Park, Kings, New York, United States",/species/sora/US-NY
Sora,"Prospect Park--Prospect Lake, Kings, New York, United States",/species/sora/US-NY
Sora,"Prospect Point, Nassau, New York, United States",/species/sora/US-NY
Common Gallinule,"Woodman Pond, Madison, New York, United States",/species/comgal1/US-NY
Common Gallinule,"Woodman Pond, Madison, New York, United States",/species/comgal1/US-NY
Common Gallinule,"Woodman Pond, Madison, New York, United States",/species/comgal1/US-NY
Common Gallinule,"Woodman Pond, Madison, New York, United States",/species/comgal1/US-NY
Common Gallinule,"Woodman Pond, Madison, New York, United States",/species/comgal1/US-NY
Common Gallinule,"Woodman Pond, Madison, New York, United States",/species/comgal1/US-NY
Common Gallinule,"Woodman Pond, Madison, New York, United States",/species/comgal1/US-NY
Purple Gallinule,"Montezuma (NMWMA)--West Shore Trail (east end), Wayne, New York, United States",/species/purgal2/US-NY
Purple Gallinule,"Montezuma NWR--Sandhill Crane Unit, Wayne, New York, United States",/species/purgal2/US-NY
Purple Gallinule,"Montezuma NWR--Sandhill Crane Unit, Wayne, New York, United States",/species/purgal2/US-NY
Purple Gallinule,"Montezuma NWR--Sandhill Crane Unit, Wayne, New York, United States",/species/purgal2/US-NY
Purple Gallinule,"Montezuma NWR--Sandhill Crane Unit, Wayne, New York, United States",/species/purgal2/US-NY
Purple Gallinule,"Montezuma NWR--Van Dyne Spoor Rd., Wayne, New York, United States",/species/purgal2/US-NY
Purple Gallinule,"Van Dyne Spoor Road, Savannah, New York, US (43.045, -76.724), Wayne, New York, United States",/species/purgal2/US-NY
Sandhill Crane,"4901–4999 Richardson Rd, Gasport US-NY 43.16769, -78.55304, Niagara, New York, United States",/species/sancra/US-NY
Sandhill Crane (Greater),"Sherburne 4 Corners ag fields & pond, Chenango, New York, United States",/species/sancra/US-NY
Sandhill Crane,"Sherburne 4 Corners ag fields & pond, Chenango, New York, United States",/species/sancra/US-NY
American Avocet,"Jamaica Bay Wildlife Refuge--East Pond, north end, Queens, New York, United States",/species/ameavo/US-NY
American Avocet,"Jamaica Bay Wildlife Refuge--East Pond, north end, Queens, New York, United States",/species/ameavo/US-NY
Black-bellied Plover,"City Island, Belden Point, Bronx, New York, United States",/species/bkbplo/US-NY
Black-bellied Plover,"City Island, Belden Point, Bronx, New York, United States",/species/bkbplo/US-NY
Black-bellied Plover,"City Island, Belden Point, Bronx, New York, United States",/species/bkbplo/US-NY
Black-bellied Plover,"City Island, Belden Point, Bronx, New York, United States",/species/bkbplo/US-NY
Black-bellied Plover,"City Island, Belden Point, Bronx, New York, United States",/species/bkbplo/US-NY
Black-bellied Plover,"City Island, Belden Point, Bronx, New York, United States",/species/bkbplo/US-NY
Black-bellied Plover,"Seneca Lake, Dresden, Yates, New York, United States",/species/bkbplo/US-NY
American Golden-Plover,"Dorchester Park, Broome, New York, United States",/species/amgplo/US-NY
American Golden-Plover,"Dorchester Park, Broome, New York, United States",/species/amgplo/US-NY
American Golden-Plover,"Floyd Bennett Field, Kings, New York, United States",/species/amgplo/US-NY
American Golden-Plover,"Piermont Pier, Rockland, New York, United States",/species/amgplo/US-NY
American Golden-Plover,"Piermont Pier, Rockland, New York, United States",/species/amgplo/US-NY
American Golden-Plover,"Piermont Pier, Rockland, New York, United States",/species/amgplo/US-NY
American Golden-Plover,"Piermont Pier, Rockland, New York, United States",/species/amgplo/US-NY
Piping Plover,"Breezy Point Tip, Queens, New York, United States",/species/pipplo/US-NY
Piping Plover,"Breezy Point Tip, Queens, New York, United States",/species/pipplo/US-NY
Piping Plover,"Breezy Point Tip, Queens, New York, United States",/species/pipplo/US-NY
Piping Plover,"Jacob Riis Park, Queens, New York, United States",/species/pipplo/US-NY
Piping Plover,"Jacob Riis Park, Queens, New York, United States",/species/pipplo/US-NY
Piping Plover,"Jacob Riis Park, Queens, New York, United States",/species/pipplo/US-NY
Hudsonian Whimbrel,"Sandy Pond Outlet, Oswego, New York, United States",/species/whimbr3/US-NY
Hudsonian Whimbrel,"Sodus Point, Wayne, New York, United States",/species/whimbr3/US-NY
Hudsonian Whimbrel,"Sodus Point beach and channel area, Wayne, New York, United States",/species/whimbr3/US-NY
Hudsonian Whimbrel,"Sodus Point beach and channel area, Wayne, New York, United States",/species/whimbr3/US-NY
Hudsonian Whimbrel,"Sodus Point beach and channel area, Wayne, New York, United States",/species/whimbr3/US-NY
Hudsonian Whimbrel,"Sodus Point beach and channel area, Wayne, New York, United States",/species/whimbr3/US-NY
Hudsonian Whimbrel,"Sodus Point beach and channel area, Wayne, New York, United States",/species/whimbr3/US-NY
Hudsonian Godwit,"City Island, Belden Point, Bronx, New York, United States",/species/hudgod/US-NY
Hudsonian Godwit,"City Island, Belden Point, Bronx, New York, United States",/species/hudgod/US-NY
Hudsonian Godwit,"City Island, Belden Point, Bronx, New York, United States",/species/hudgod/US-NY
Hudsonian Godwit,"Montezuma NWR--Mays Point Pool and road, Seneca, New York, United States",/species/hudgod/US-NY
Hudsonian Godwit,"Montezuma NWR--Mays Point Pool and road, Seneca, New York, United States",/species/hudgod/US-NY
Hudsonian Godwit,"Montezuma NWR--Mays Point Pool and road, Seneca, New York, United States",/species/hudgod/US-NY
Hudsonian Godwit,"Montezuma NWR--Mays Point Pool and road, Seneca, New York, United States",/species/hudgod/US-NY
Long-billed Dowitcher,"Jamaica Bay Wildlife Refuge--East Pond, north end, Queens, New York, United States",/species/lobdow/US-NY
Wilson's Phalarope,"Heckscher SP, East Islip, Suffolk, New York, United States",/species/wilpha/US-NY
Wilson's Phalarope,"Heckscher SP--Field 5, Suffolk, New York, United States",/species/wilpha/US-NY
Wilson's Phalarope,"Heckscher SP--Field 5, Suffolk, New York, United States",/species/wilpha/US-NY
Wilson's Phalarope,"Heckscher SP--Field 5, Suffolk, New York, United States",/species/wilpha/US-NY
Wilson's Phalarope,"Heckscher SP--Field 7, Suffolk, New York, United States",/species/wilpha/US-NY
Wilson's Phalarope,"Heckscher SP--Field 7, Suffolk, New York, United States",/species/wilpha/US-NY
Wilson's Phalarope,"Heckscher SP--Field 7, Suffolk, New York, United States",/species/wilpha/US-NY
Red-necked Phalarope,"Prospect Point, Nassau, New York, United States",/species/renpha/US-NY
Spotted Sandpiper,"Allegheny River Valley Trail, St. Bonaventure Campus, Cattaraugus, New York, United States",/species/sposan/US-NY
Lesser Yellowlegs,"Jerome Park Reservoir, Bronx, New York, United States",/species/lesyel/US-NY
Willet (Western),"Kingsborough Community College, Kings, New York, United States",/species/willet1/US-NY
Red Knot,"Floyd Bennett Field, Kings, New York, United States",/species/redkno/US-NY
Sanderling,"Piermont Pier, Rockland, New York, United States",/species/sander/US-NY
Baird's Sandpiper,"Heckscher SP--Field 7, Suffolk, New York, United States",/species/baisan/US-NY
Baird's Sandpiper,"Heckscher SP--Field 7, Suffolk, New York, United States",/species/baisan/US-NY
White-rumped Sandpiper,"Plumb Beach, Kings, New York, United States",/species/whrsan/US-NY
White-rumped Sandpiper,"Plumb Beach, Kings, New York, United States",/species/whrsan/US-NY
White-rumped Sandpiper,"Randalls Island, New York, New York, United States",/species/whrsan/US-NY
Pectoral Sandpiper,"Floyd Bennett Field, Kings, New York, United States",/species/pecsan/US-NY
Western Sandpiper,"Jamaica Bay Wildlife Refuge--Terrapin Point (only for incidental/historical lists for birds in Brooklyn themselves), Kings, New York, United States",/species/wessan/US-NY
Western Sandpiper,"Manhattan Beach Park, Kings, New York, United States",/species/wessan/US-NY
Long-tailed Jaeger,"Orient Point to New London Ferry (NY side), Suffolk, New York, United States",/species/lotjae/US-NY
Long-tailed Jaeger,"Orient Point to New London Ferry (NY side), Suffolk, New York, United States",/species/lotjae/US-NY
Parasitic Jaeger,"City Island, Belden Point, Bronx, New York, United States",/species/parjae/US-NY
Parasitic Jaeger,"City Island, Belden Point, Bronx, New York, United States",/species/parjae/US-NY
Parasitic Jaeger,"City Island, Belden Point, Bronx, New York, United States",/species/parjae/US-NY
Parasitic Jaeger,"City Island, Belden Point, Bronx, New York, United States",/species/parjae/US-NY
Parasitic Jaeger,"City Island, Belden Point, Bronx, New York, United States",/species/parjae/US-NY
Parasitic Jaeger,"Fort Totten Park, Queens, New York, United States",/species/parjae/US-NY
Parasitic Jaeger,"Rikers Island, New York US-NY 40.79980, -73.88620, Bronx, New York, United States",/species/parjae/US-NY
South Polar Skua,"Montauk Point, Suffolk, New York, United States",/species/sopsku1/US-NY
South Polar Skua,"Montauk Point, Suffolk, New York, United States",/species/sopsku1/US-NY
Black-legged Kittiwake,"City Island, Belden Point, Bronx, New York, United States",/species/bklkit/US-NY
Black-legged Kittiwake,"City Island, Belden Point, Bronx, New York, United States",/species/bklkit/US-NY
Black-legged Kittiwake,"City Island, Belden Point, Bronx, New York, United States",/species/bklkit/US-NY
Black-legged Kittiwake,"Fort Totten Park, Queens, New York, United States",/species/bklkit/US-NY
Black-legged Kittiwake,"Saddle Rock Bay, Nassau, New York, United States",/species/bklkit/US-NY
Bonaparte's Gull,"City Island, Belden Point, Bronx, New York, United States",/species/bongul/US-NY
Bonaparte's Gull,"City Island, Belden Point, Bronx, New York, United States",/species/bongul/US-NY
Bonaparte's Gull,"East River, New York US-NY 40.79779, -73.87369, Bronx, New York, United States",/species/bongul/US-NY
Bonaparte's Gull,"Fort Tilden--Battery Harris Platform, Queens, New York, United States",/species/bongul/US-NY
Bonaparte's Gull,"Jamaica Bay Wildlife Refuge--East Pond, north end, Queens, New York, United States",/species/bongul/US-NY
Bonaparte's Gull,"Kingsborough Community College, Kings, New York, United States",/species/bongul/US-NY
Bonaparte's Gull,"Upper New York Bay (Staten Island), Richmond, New York, United States",/species/bongul/US-NY
Black-headed Gull,"Bennett Beach, Erie, New York, United States",/species/bkhgul/US-NY
Black-headed Gull,"Bennett Beach, Erie, New York, United States",/species/bkhgul/US-NY
Black-headed Gull,"Bennett Beach, Erie, New York, United States",/species/bkhgul/US-NY
Black-headed Gull,"Bennett Beach, Erie, New York, United States",/species/bkhgul/US-NY
Black-headed Gull,"Bennett Beach, Erie, New York, United States",/species/bkhgul/US-NY
Black-headed Gull,"Bennett Beach, Erie, New York, United States",/species/bkhgul/US-NY
Black-headed Gull,"Bennett Beach, Erie, New York, United States",/species/bkhgul/US-NY
Laughing Gull,"Bennett Beach, Erie, New York, United States",/species/laugul/US-NY
Laughing Gull,"Rhinecliff Landing Park, Dutchess, New York, United States",/species/laugul/US-NY
Franklin's Gull,"Myers Point, Tompkins, New York, United States",/species/fragul/US-NY
Franklin's Gull,"Myers Point, Tompkins, New York, United States",/species/fragul/US-NY
Franklin's Gull,"Myers Point, Tompkins, New York, United States",/species/fragul/US-NY
Franklin's Gull,"Myers Point, Tompkins, New York, United States",/species/fragul/US-NY
Franklin's Gull,"Myers Point, Tompkins, New York, United States",/species/fragul/US-NY
Franklin's Gull,"Myers Point, Tompkins, New York, United States",/species/fragul/US-NY
Franklin's Gull,"Myers Point, Tompkins, New York, United States",/species/fragul/US-NY
Lesser Black-backed Gull,"Coney Island Beach & Boardwalk, Kings, New York, United States",/species/lbbgul/US-NY
Lesser Black-backed Gull,"Coney Island Beach & Boardwalk, Kings, New York, United States",/species/lbbgul/US-NY
Lesser Black-backed Gull,"Coney Island Beach & Boardwalk, Kings, New York, United States",/species/lbbgul/US-NY
Lesser Black-backed Gull,"Coney Island Beach--35th St. Overlook, Kings, New York, United States",/species/lbbgul/US-NY
Lesser Black-backed Gull,"Coney Island Beach--35th St. Overlook, Kings, New York, United States",/species/lbbgul/US-NY
Lesser Black-backed Gull,"Coney Island Beach--35th St. Overlook, Kings, New York, United States",/species/lbbgul/US-NY
Lesser Black-backed Gull,"Coney Island--Norton Pt., Kings, New York, United States",/species/lbbgul/US-NY
Black Skimmer,"East River, Brooklyn Bridge to S.I. Ferry, New York, New York, United States",/species/blkski/US-NY
Black Skimmer,"East River, Pier 11 to Pier 6, New York, New York, United States",/species/blkski/US-NY
Black Skimmer,"East River, Pier 11 to Pier 6, New York, New York, United States",/species/blkski/US-NY
Black Skimmer,"East River, Pier 11 to Pier 6, New York, New York, United States",/species/blkski/US-NY
Black Skimmer,"Pier 11, Wall Street, New York, New York, United States",/species/blkski/US-NY
Black Skimmer,"Pier 11, Wall Street, New York, New York, United States",/species/blkski/US-NY
Black Skimmer,"Pier 11, Wall Street, New York, New York, United States",/species/blkski/US-NY
Least Tern,"Nickerson Beach, Nassau, New York, United States",/species/leater1/US-NY
Gull-billed Tern,"City Island, Belden Point, Bronx, New York, United States",/species/gubter2/US-NY
Caspian Tern,"Edith G. Read Wildlife Sanctuary & Rye Playland (incl. Playland Lake), Westchester, New York, United States",/species/caster1/US-NY
Caspian Tern,"Kumpf Marsh, Genesee, New York, United States",/species/caster1/US-NY
Caspian Tern,"Kumpf Marsh, Genesee, New York, United States",/species/caster1/US-NY
Caspian Tern,"Kumpf Marsh, Genesee, New York, United States",/species/caster1/US-NY
Caspian Tern,"Prospect Park, Kings, New York, United States",/species/caster1/US-NY
Caspian Tern,"Randalls Island, New York, New York, United States",/species/caster1/US-NY
Caspian Tern,"Stepping Stone Park, Nassau, New York, United States",/species/caster1/US-NY
Black Tern,"Tier Street, City Island, Bronx, New York, United States",/species/blkter/US-NY
Forster's Tern,"City Island, Belden Point, Bronx, New York, United States",/species/forter/US-NY
Forster's Tern,"City Island, Belden Point, Bronx, New York, United States",/species/forter/US-NY
Forster's Tern,"City Island, Belden Point, Bronx, New York, United States",/species/forter/US-NY
Forster's Tern,"East River, New York US-NY 40.79779, -73.87369, Bronx, New York, United States",/species/forter/US-NY
Forster's Tern,"Ferry Point Park (Overall, please consider using a more specific location), Bronx, New York, United States",/species/forter/US-NY
Forster's Tern,"SUNY Maritime College (Fort Schuyler), Bronx, New York, United States",/species/forter/US-NY
Forster's Tern,"Tier Street, City Island, Bronx, New York, United States",/species/forter/US-NY
Common Tern,"City Island, Belden Point, Bronx, New York, United States",/species/comter/US-NY
Common Tern,"City Island, Belden Point, Bronx, New York, United States",/species/comter/US-NY
Common Tern,"City Island, Belden Point, Bronx, New York, United States",/species/comter/US-NY
Common Tern,"City Island, Belden Point, Bronx, New York, United States",/species/comter/US-NY
Common Tern (hirundo/tibetana),"East River, Brooklyn Bridge to S.I. Ferry, New York, New York, United States",/species/comter/US-NY
Common Tern,"East River, Pier 11 to Pier 6, New York, New York, United States",/species/comter/US-NY
Common Tern,"East River, Pier 11 to Pier 6, New York, New York, United States",/species/comter/US-NY
Common Tern (hirundo/tibetana),"Randalls Island, New York, New York, United States",/species/comter/US-NY
Common Tern,"Tier Street, City Island, Bronx, New York, United States",/species/comter/US-NY
Sandwich Tern,"Bayside Marina (Queens Co.), Queens, New York, United States",/species/santer1/US-NY
Royal Tern,"Rye Town Park, Westchester, New York, United States",/species/royter1/US-NY
Eared Grebe,"Jamaica Bay Wildlife Refuge--West Pond, Queens, New York, United States",/species/eargre/US-NY
Eared Grebe,"Jamaica Bay Wildlife Refuge--West Pond, Queens, New York, United States",/species/eargre/US-NY
Wilson's Storm-Petrel,"City Island, Belden Point, Bronx, New York, United States",/species/wispet/US-NY
Wilson's Storm-Petrel,"City Island, Belden Point, Bronx, New York, United States",/species/wispet/US-NY
Wilson's Storm-Petrel,"Fort Totten Park, Queens, New York, United States",/species/wispet/US-NY
Wilson's Storm-Petrel,"Fort Totten Park, Queens, New York, United States",/species/wispet/US-NY
Leach's Storm-Petrel,"City Island, Belden Point, Bronx, New York, United States",/species/lcspet/US-NY
Leach's Storm-Petrel,"City Island, Belden Point, Bronx, New York, United States",/species/lcspet/US-NY
Leach's Storm-Petrel,"Coney Island Beach & Boardwalk, Kings, New York, United States",/species/lcspet/US-NY
Leach's Storm-Petrel,"Coney Island Beach & Boardwalk, Kings, New York, United States",/species/lcspet/US-NY
Leach's Storm-Petrel,"Coney Island Beach & Boardwalk, Kings, New York, United States",/species/lcspet/US-NY
Leach's Storm-Petrel,"SUNY Maritime College (Fort Schuyler), Bronx, New York, United States",/species/lcspet/US-NY
Leach's Storm-Petrel,"Stepping Stone Park, Nassau, New York, United States",/species/lcspet/US-NY
Scopoli's Shearwater,"Lake Montauk Inlet, west side, Suffolk, New York, United States",/species/scoshe1/US-NY
Scopoli's Shearwater,"Lake Montauk Inlet, west side, Suffolk, New York, United States",/species/scoshe1/US-NY
Scopoli's Shearwater,"Montauk Point, Suffolk, New York, United States",/species/scoshe1/US-NY
Scopoli's Shearwater,"Montauk Point, Suffolk, New York, United States",/species/scoshe1/US-NY
Scopoli's Shearwater,"Orient Point to New London Ferry (NY side), Suffolk, New York, United States",/species/scoshe1/US-NY
Scopoli's Shearwater,"Orient Point to New London Ferry (NY side), Suffolk, New York, United States",/species/scoshe1/US-NY
Scopoli's Shearwater,"Orient Point to New London Ferry (NY side), Suffolk, New York, United States",/species/scoshe1/US-NY
Sooty Shearwater,"Montauk Point, Suffolk, New York, United States",/species/sooshe/US-NY
Sooty Shearwater,"Montauk Point, Suffolk, New York, United States",/species/sooshe/US-NY
Great Cormorant,"Breezy Point Tip, Queens, New York, United States",/species/grecor/US-NY
Great Cormorant (North Atlantic),"Kingsborough Community College, Kings, New York, United States",/species/grecor/US-NY
Great Cormorant (North Atlantic),"Kingsborough Community College, Kings, New York, United States",/species/grecor/US-NY
Great Cormorant (North Atlantic),"Kingsborough Community College, Kings, New York, United States",/species/grecor/US-NY
Great Cormorant,"Lake Carmel Foot Path, Putnam, New York, United States",/species/grecor/US-NY
Great Cormorant,"Pelham Bay Park, Bronx, New York, United States",/species/grecor/US-NY
Great Cormorant (North Atlantic),"Randalls Island, New York, New York, United States",/species/grecor/US-NY
Great Cormorant (North Atlantic),"Randalls Island, New York, New York, United States",/species/grecor/US-NY
Great Cormorant (North Atlantic),"Randalls Island, New York, New York, United States",/species/grecor/US-NY
Great Cormorant,"Rte 16 Elka Park, Greene, New York, United States",/species/grecor/US-NY
Glossy Ibis,"11194 County Road 125, Chaumont, NY, Jefferson, New York, United States",/species/gloibi/US-NY
Glossy Ibis,"Ausable Marsh WMA, Clinton, New York, United States",/species/gloibi/US-NY
Glossy Ibis,"Ausable Marsh WMA--Ausable Point Rd., Clinton, New York, United States",/species/gloibi/US-NY
Glossy Ibis,"Ausable Marsh WMA--Ausable Point Rd., Clinton, New York, United States",/species/gloibi/US-NY
Glossy Ibis,"Ausable Marsh WMA--Ausable Point Rd., Clinton, New York, United States",/species/gloibi/US-NY
Glossy Ibis,"Ausable Point Road, Peru, New York, US (44.575, -73.435), Clinton, New York, United States",/species/gloibi/US-NY
Glossy Ibis,"Jamaica Bay Wildlife Refuge--Terrapin Point (only for incidental/historical lists for birds in Brooklyn themselves), Kings, New York, United States",/species/gloibi/US-NY
Yellow-crowned Night Heron,"Randalls Island, New York, New York, United States",/species/ycnher/US-NY
Yellow-crowned Night Heron,"Randalls Island, New York, New York, United States",/species/ycnher/US-NY
Yellow-crowned Night Heron,"Randalls Island, New York, New York, United States",/species/ycnher/US-NY
Yellow-crowned Night Heron,"Randalls Island, New York, New York, United States",/species/ycnher/US-NY
Yellow-crowned Night Heron,"Randalls Island, New York, New York, United States",/species/ycnher/US-NY
Yellow-crowned Night Heron,"Randalls Island, New York, New York, United States",/species/ycnher/US-NY
Yellow-crowned Night Heron,"Randalls Island--saltmarsh at Little Hell Gate Inlet, New York, New York, United States",/species/ycnher/US-NY
Black-crowned Night Heron,"Home, Oswego, New York, United States",/species/bcnher/US-NY
Black-crowned Night Heron,"NFC Station2, Oswego, New York, United States",/species/bcnher/US-NY
Black Vulture,"Ausable Marsh WMA--Ausable Marsh Trail, Clinton, New York, United States",/species/blkvul/US-NY
Black Vulture,"Binghamton University (SUNY)--Lake Lieberman and Fuller Hollow Creek, Broome, New York, United States",/species/blkvul/US-NY
Black Vulture,"Creedmore State Hospital, Queens, New York, United States",/species/blkvul/US-NY
Black Vulture,"Fort Washington Park--Dyckman St. Boat Marina, New York, New York, United States",/species/blkvul/US-NY
Black Vulture,"Lower La Chute River & Ticonderoga Marsh, Essex, New York, United States",/species/blkvul/US-NY
Black Vulture,"Lower La Chute River & Ticonderoga Marsh, Essex, New York, United States",/species/blkvul/US-NY
Black Vulture,"Ticonderoga NY, Essex, New York, United States",/species/blkvul/US-NY
American Goshawk,"165 Byrnes Rd, Warren, New York, United States",/species/norgos/US-NY
American Goshawk,"Long Lake (town), Hamilton, New York, United States",/species/norgos/US-NY
American Goshawk,"Long Lake (town), Hamilton, New York, United States",/species/norgos/US-NY
Red-tailed Hawk (abieticola),"Pelham Bay Park--Southern Meadow and environs, Bronx, New York, United States",/species/rethaw/US-NY
Barred Owl,"Central Park--North End (N of 97th St. Transverse), New York, New York, United States",/species/brdowl/US-NY
Barred Owl,"Central Park--North End (N of 97th St. Transverse), New York, New York, United States",/species/brdowl/US-NY
Barred Owl,"Central Park--North End (N of 97th St. Transverse), New York, New York, United States",/species/brdowl/US-NY
Barred Owl,"Central Park--The Ravine (incl. The Loch), New York, New York, United States",/species/brdowl/US-NY
Barred Owl,"Central Park--The Ravine (incl. The Loch), New York, New York, United States",/species/brdowl/US-NY
Barred Owl,"Central Park--The Ravine (incl. The Loch), New York, New York, United States",/species/brdowl/US-NY
Barred Owl,"Central Park--The Ravine (incl. The Loch), New York, New York, United States",/species/brdowl/US-NY
Red-headed Woodpecker,"Mills-Norrie SP, Dutchess, New York, United States",/species/rehwoo/US-NY
Red-headed Woodpecker,"Mills-Norrie SP, Dutchess, New York, United States",/species/rehwoo/US-NY
Red-headed Woodpecker,"Mills-Norrie SP, Dutchess, New York, United States",/species/rehwoo/US-NY
Red-headed Woodpecker,"Mills-Norrie SP, Dutchess, New York, United States",/species/rehwoo/US-NY
Red-headed Woodpecker,"Mills-Norrie SP--Norrie Point, Dutchess, New York, United States",/species/rehwoo/US-NY
Red-headed Woodpecker,"Mills-Norrie SP--Norrie Point, Dutchess, New York, United States",/species/rehwoo/US-NY
Red-headed Woodpecker,"Mills-Norrie SP--White Trail, Dutchess, New York, United States",/species/rehwoo/US-NY
Pileated Woodpecker,"Van Cortlandt Park--NW Forest, Bronx, New York, United States",/species/pilwoo/US-NY
Peregrine Falcon,"Wolf Creek Overlook Spot, Wyoming, New York, United States",/species/perfal/US-NY
Olive-sided Flycatcher,"Eagle Bay, Chautauqua, New York, United States",/species/olsfly/US-NY
Olive-sided Flycatcher,"Green-Wood Cemetery, Brooklyn, Kings, New York, United States",/species/olsfly/US-NY
Olive-sided Flycatcher,"Peterson Hollow Road, Erieville, New York, US (42.832, -75.78), Madison, New York, United States",/species/olsfly/US-NY
Olive-sided Flycatcher,"Prospect Park, Kings, New York, United States",/species/olsfly/US-NY
Olive-sided Flycatcher,"Prospect Park, Kings, New York, United States",/species/olsfly/US-NY
Olive-sided Flycatcher,"Prospect Park, Kings, New York, United States",/species/olsfly/US-NY
Olive-sided Flycatcher,"Sims-Jennings Preserve at Cayuga Cliffs (FLLT), Tompkins, New York, United States",/species/olsfly/US-NY
Yellow-bellied Flycatcher,"Central Park--The Ramble, New York, New York, United States",/species/yebfly/US-NY
Yellow-bellied Flycatcher,"Cooper Park, Kings, New York, United States",/species/yebfly/US-NY
Yellow-bellied Flycatcher,"East Rd Home patch, Seneca, New York, United States",/species/yebfly/US-NY
Yellow-bellied Flycatcher,"Maple Grove Cemetery, Frewsburg, Chautauqua, New York, United States",/species/yebfly/US-NY
Yellow-bellied Flycatcher,"Mendon Foundation--Sibleyville Nature Reserve, Monroe, New York, United States",/species/yebfly/US-NY
Yellow-bellied Flycatcher,"Montezuma NWR--East Rd., Seneca, New York, United States",/species/yebfly/US-NY
Yellow-bellied Flycatcher,"Outer Harbor Drive, Buffalo, Erie, New York, United States",/species/yebfly/US-NY
Alder Flycatcher,"Prospect Park, Kings, New York, United States",/species/aldfly/US-NY
Least Flycatcher,"Alder Pond home, Schuyler, New York, United States",/species/leafly/US-NY
Least Flycatcher,"Brooklyn Botanic Garden, Kings, New York, United States",/species/leafly/US-NY
Least Flycatcher,"Brooklyn Botanic Garden, Kings, New York, United States",/species/leafly/US-NY
Least Flycatcher,"Green-Wood Cemetery, Brooklyn, Kings, New York, United States",/species/leafly/US-NY
Least Flycatcher,"Old Onoville Road, Steamburg, New York, US (42.078, -78.895) Low Banks Campgrounds, Cattaraugus, New York, United States",/species/leafly/US-NY
Least Flycatcher,"Oneida Shores County Park (general), Onondaga, New York, United States",/species/leafly/US-NY
Least Flycatcher,"Oneida Shores County Park (general), Onondaga, New York, United States",/species/leafly/US-NY
Great Crested Flycatcher,"3 Acres, Orleans, New York, United States",/species/grcfly/US-NY
Great Crested Flycatcher,"Central Park, New York, New York, United States",/species/grcfly/US-NY
Great Crested Flycatcher,"Central Park, New York US-NY 40.77791, -73.97114, New York, New York, United States",/species/grcfly/US-NY
Great Crested Flycatcher,"Green-Wood Cemetery, Brooklyn, Kings, New York, United States",/species/grcfly/US-NY
Great Crested Flycatcher,"Lakeview WMA--Lake Ontario Dune Trail, Jefferson, New York, United States",/species/grcfly/US-NY
Great Crested Flycatcher,"The Battery, Manhattan, New York, New York, United States",/species/grcfly/US-NY
Great Crested Flycatcher,"Times Beach Nature Preserve, Erie, New York, United States",/species/grcfly/US-NY
Eastern Kingbird,"61 Temple Ave, Newburgh US-NY (41.4978,-74.0378), Orange, New York, United States",/species/easkin/US-NY
Eastern Kingbird,"Fire Island--Hawk Watch, Suffolk, New York, United States",/species/easkin/US-NY
Eastern Kingbird,"Fire Island--Hawk Watch, Suffolk, New York, United States",/species/easkin/US-NY
Eastern Kingbird,"Fire Island--Hawk Watch, Suffolk, New York, United States",/species/easkin/US-NY
Eastern Kingbird,"Marshlands Conservancy, Westchester, New York, United States",/species/easkin/US-NY
Eastern Kingbird,"Tifft Nature Preserve, Erie, New York, United States",/species/easkin/US-NY
Eastern Kingbird,"Tifft Nature Preserve, Erie, New York, United States",/species/easkin/US-NY
Scissor-tailed Flycatcher,"Dunkirk Airport (DKK), Chautauqua, New York, United States",/species/sctfly/US-NY
Scissor-tailed Flycatcher,"Dunkirk Airport (DKK), Chautauqua, New York, United States",/species/sctfly/US-NY
Scissor-tailed Flycatcher,"Dunkirk Airport (DKK), Chautauqua, New York, United States",/species/sctfly/US-NY
Scissor-tailed Flycatcher,"Dunkirk Airport (DKK), Chautauqua, New York, United States",/species/sctfly/US-NY
Scissor-tailed Flycatcher,"Dunkirk Airport (DKK), Chautauqua, New York, United States",/species/sctfly/US-NY
Scissor-tailed Flycatcher,"Dunkirk Airport (DKK), Chautauqua, New York, United States",/species/sctfly/US-NY
Scissor-tailed Flycatcher,"Dunkirk Airport--Newell Rd. N end, Chautauqua, New York, United States",/species/sctfly/US-NY
White-eyed Vireo,"Cornell Botanic Gardens--Palmer Woods Natural Area, Tompkins, New York, United States",/species/whevir/US-NY
White-eyed Vireo,"Cornell Botanic Gardens--Palmer Woods Natural Area, Tompkins, New York, United States",/species/whevir/US-NY
White-eyed Vireo,"Cornell Botanic Gardens--Palmer Woods Natural Area, Tompkins, New York, United States",/species/whevir/US-NY
White-eyed Vireo,"Cornell Botanic Gardens--Palmer Woods Natural Area, Tompkins, New York, United States",/species/whevir/US-NY
White-eyed Vireo (White-eyed),"Cornell Botanic Gardens--Palmer Woods Natural Area, Tompkins, New York, United States",/species/whevir/US-NY
White-eyed Vireo,"Cornell Botanic Gardens--Palmer Woods Natural Area, Tompkins, New York, United States",/species/whevir/US-NY
White-eyed Vireo,"Cornell Botanic Gardens--Palmer Woods Natural Area, Tompkins, New York, United States",/species/whevir/US-NY
White-eyed Vireo,"Cornell Botanic Gardens--Palmer Woods Natural Area, Tompkins, New York, United States",/species/whevir/US-NY
Yellow-throated Vireo,"Central Park, New York, New York, United States",/species/yetvir/US-NY
Yellow-throated Vireo,"Central Park, New York, New York, United States",/species/yetvir/US-NY
Yellow-throated Vireo,"Hanging Bog WMA--Briggs Road wetland, Allegany, New York, United States",/species/yetvir/US-NY
Yellow-throated Vireo,"Letchworth SP--Archery Field and Overlook, Wyoming, New York, United States",/species/yetvir/US-NY
Yellow-throated Vireo,"Montezuma NWR--Van Dyne Spoor Rd. wooded area, Wayne, New York, United States",/species/yetvir/US-NY
Yellow-throated Vireo,"Montezuma NWR--Van Dyne Spoor Rd. wooded area, Wayne, New York, United States",/species/yetvir/US-NY
Philadelphia Vireo,"Bellvale Community (restricted access), Orange, New York, United States",/species/phivir/US-NY
Philadelphia Vireo,"Bellvale Community (restricted access), Orange, New York, United States",/species/phivir/US-NY
Philadelphia Vireo,"Bellvale Community (restricted access), Orange, New York, United States",/species/phivir/US-NY
Philadelphia Vireo,"Bellvale Community (restricted access), Orange, New York, United States",/species/phivir/US-NY
Philadelphia Vireo,"Bellvale Community (restricted access), Orange, New York, United States",/species/phivir/US-NY
Philadelphia Vireo,"Central Park, New York US-NY 40.78053, -73.97004, New York, New York, United States",/species/phivir/US-NY
Philadelphia Vireo,"Kissena Park, Queens, New York, United States",/species/phivir/US-NY
Eastern Warbling Vireo,"Ausable Marsh WMA--Ausable Marsh Trail, Clinton, New York, United States",/species/eawvir1/US-NY
Eastern Warbling Vireo,"Bulwagga Bay Beach, Essex, New York, United States",/species/eawvir1/US-NY
Eastern Warbling Vireo,"Harlem Valley Rail Trail--Coleman Station Rd. & environs, Dutchess, New York, United States",/species/eawvir1/US-NY
Eastern Warbling Vireo,"Harlem Valley Rail Trail--Coleman Station Rd. & environs, Dutchess, New York, United States",/species/eawvir1/US-NY
Eastern Warbling Vireo,"Harlem Valley Rail Trail--Coleman Station Rd. & environs, Dutchess, New York, United States",/species/eawvir1/US-NY
Eastern Warbling Vireo,"Harlem Valley Rail Trail--Coleman Station Rd. & environs, Dutchess, New York, United States",/species/eawvir1/US-NY
Eastern Warbling Vireo,"Sherburne 4 Corners ag fields & pond, Chenango, New York, United States",/species/eawvir1/US-NY
Fish Crow,"Emerson Park, Auburn US-NY (42.9002,-76.5371), Cayuga, New York, United States",/species/fiscro/US-NY
Bank Swallow,"Breezy Point Tip, Queens, New York, United States",/species/banswa/US-NY
Northern Rough-winged Swallow,"City Island, Belden Point, Bronx, New York, United States",/species/nrwswa/US-NY
Blue-gray Gnatcatcher,"Rockefeller SP Preserve, Westchester, New York, United States",/species/buggna/US-NY
Blue-gray Gnatcatcher,"Rockefeller SP Preserve, Westchester, New York, United States",/species/buggna/US-NY
Blue-gray Gnatcatcher,"Rockefeller SP Preserve, Westchester, New York, United States",/species/buggna/US-NY
Blue-gray Gnatcatcher,"Rockefeller SP Preserve, Westchester, New York, United States",/species/buggna/US-NY
Blue-gray Gnatcatcher,"Rockefeller SP Preserve, Westchester, New York, United States",/species/buggna/US-NY
Blue-gray Gnatcatcher,"Rockefeller SP Preserve, Westchester, New York, United States",/species/buggna/US-NY
Blue-gray Gnatcatcher,"Rockefeller SP Preserve, Westchester, New York, United States",/species/buggna/US-NY
Sedge Wren,"Manhasset - Private: No Access, Nassau, New York, United States",/species/sedwre1/US-NY
Sedge Wren,"Manhasset - Private: No Access, Nassau, New York, United States",/species/sedwre1/US-NY
Sedge Wren,"Manhasset - Private: No Access, Nassau, New York, United States",/species/sedwre1/US-NY
Sedge Wren,"Manhasset - Private: No Access, Nassau, New York, United States",/species/sedwre1/US-NY
Sedge Wren,"Manhasset - Private: No Access, Nassau, New York, United States",/species/sedwre1/US-NY
Marsh Wren,"Governors Island (N.Y. County), New York, New York, United States",/species/marwre/US-NY
Marsh Wren,"Randalls Island, New York, New York, United States",/species/marwre/US-NY
Marsh Wren,"Speculator Tree Farm Tract, Hamilton, New York, United States",/species/marwre/US-NY
Marsh Wren,"Speculator Tree Farm Tract, Hamilton, New York, United States",/species/marwre/US-NY
Marsh Wren,"Speculator Tree Farm Tract, Hamilton, New York, United States",/species/marwre/US-NY
Veery,"Alder Pond home, Schuyler, New York, United States",/species/veery/US-NY
Veery,"Chautauqua Institution, Chautauqua, New York, United States",/species/veery/US-NY
Veery,"Mezzio Road, Forestville, Chautauqua, New York, United States",/species/veery/US-NY
Veery,"Planck Road, Perrysburg (42.501, -79.031), Cattaraugus, New York, United States",/species/veery/US-NY
Gray-cheeked Thrush,"Planck Road, Perrysburg (42.501, -79.031), Cattaraugus, New York, United States",/species/gycthr/US-NY
Hermit Thrush,"Central Park, New York, New York, United States",/species/herthr/US-NY
Hermit Thrush,"Central Park--The Oven and The Point, New York, New York, United States",/species/herthr/US-NY
American Pipit,"Brooklyn Bridge Park, Kings, New York, United States",/species/amepip/US-NY
American Pipit,"Ferry Point Park--West of I-678, Bronx, New York, United States",/species/amepip/US-NY
American Pipit,"Green-Wood Cemetery, Brooklyn, Kings, New York, United States",/species/amepip/US-NY
American Pipit,"Jacob Riis Park, Queens, New York, United States",/species/amepip/US-NY
Evening Grosbeak,"Padanarum Road, Warren, New York, United States",/species/evegro/US-NY
Red Crossbill,"1487–1549 Palisades Rd, Brant Lake US-NY 43.73557, -73.67377, Warren, New York, United States",/species/redcro/US-NY
Red Crossbill,"260–278 Darts Lake Rd, Eagle Bay US-NY 43.80073, -74.85911, Herkimer, New York, United States",/species/redcro/US-NY
Red Crossbill,"Baer Road, Sullivan, New York, United States",/species/redcro/US-NY
Red Crossbill,"Coldbrook Preserve, Saratoga, New York, United States",/species/redcro/US-NY
Red Crossbill,"Sims-Jennings Preserve at Cayuga Cliffs (FLLT), Tompkins, New York, United States",/species/redcro/US-NY
Red Crossbill,"South Pond, Adirondack Park, Eagle Bay, Herkimer, New York, United States",/species/redcro/US-NY
Red Crossbill,"West Canada Creek Scenic Overlook, Cold Brook, Herkimer, New York, United States",/species/redcro/US-NY
Pine Siskin,"Greens on Mill, Erie, New York, United States",/species/pinsis/US-NY
Pine Siskin,"Home, Broome, New York, United States",/species/pinsis/US-NY
Pine Siskin,"Marshlands Conservancy, Westchester, New York, United States",/species/pinsis/US-NY
Lapland Longspur,"Jones Beach SP--West End, Nassau, New York, United States",/species/laplon/US-NY
Grasshopper Sparrow,"NFC Station2, Oswego, New York, United States",/species/graspa/US-NY
Grasshopper Sparrow,"Randalls Island, New York, New York, United States",/species/graspa/US-NY
Grasshopper Sparrow,"Randalls Island, New York, New York, United States",/species/graspa/US-NY
Grasshopper Sparrow,"Randalls Island--Ferry Dock and environs, New York, New York, United States",/species/graspa/US-NY
Clay-colored Sparrow,"Green-Wood Cemetery, Brooklyn, Kings, New York, United States",/species/clcspa/US-NY
Lark Sparrow,"Manhasset - Private: No Access, Nassau, New York, United States",/species/larspa/US-NY
Lark Sparrow,"Manhasset - Private: No Access, Nassau, New York, United States",/species/larspa/US-NY
Lark Sparrow,"Manhasset - Private: No Access, Nassau, New York, United States",/species/larspa/US-NY
Lark Sparrow,"Manhasset - Private: No Access, Nassau, New York, United States",/species/larspa/US-NY
White-crowned Sparrow,"Central Park, New York, New York, United States",/species/whcspa/US-NY
White-crowned Sparrow,"Central Park--Maintenance Meadow, New York, New York, United States",/species/whcspa/US-NY
White-crowned Sparrow,"Central Park--The Ramble, New York, New York, United States",/species/whcspa/US-NY
White-crowned Sparrow,"Floyd Bennett Field, Kings, New York, United States",/species/whcspa/US-NY
White-crowned Sparrow,"Inwood Hill Park, New York, New York, United States",/species/whcspa/US-NY
White-crowned Sparrow,"NFC Station2, Oswego, New York, United States",/species/whcspa/US-NY
White-crowned Sparrow,"NFC Station2, Oswego, New York, United States",/species/whcspa/US-NY
White-crowned Sparrow (leucophrys),"Verona Beach SP--Poppleton Rd., Oneida, New York, United States",/species/whcspa/US-NY
Yellow-breasted Chat,"Welwyn Preserve, Nassau, New York, United States",/species/yebcha/US-NY
Yellow-breasted Chat,"Welwyn Preserve, Nassau, New York, United States",/species/yebcha/US-NY
Bobolink,"Clarkstown Landfill, Rockland, New York, United States",/species/boboli/US-NY
Bobolink,"Clarkstown Landfill, Rockland, New York, United States",/species/boboli/US-NY
Bobolink,"Clarkstown Landfill, Rockland, New York, United States",/species/boboli/US-NY
Bobolink,"Clarkstown Landfill, Rockland, New York, United States",/species/boboli/US-NY
Bobolink,"Schoharie Crossing Boat Launch, Montgomery, New York, United States",/species/boboli/US-NY
Bobolink,"Schoharie Crossing Boat Launch, Montgomery, New York, United States",/species/boboli/US-NY
Baltimore Oriole,"2411 Page Green Road, Cortland, New York, US (42.527, -76.163), Cortland, New York, United States",/species/balori/US-NY
Baltimore Oriole,"7379 CR-40, Rome US-NY (43.1786,-75.3968), Oneida, New York, United States",/species/balori/US-NY
Baltimore Oriole,"Skaneateles Conservation Area, Onondaga, New York, United States",/species/balori/US-NY
Worm-eating Warbler,"Cooper Park, Kings, New York, United States",/species/woewar1/US-NY
Northern Waterthrush,"NFC Station2, Oswego, New York, United States",/species/norwat/US-NY
Northern Waterthrush,"NFC Station2, Oswego, New York, United States",/species/norwat/US-NY
Northern Waterthrush,"NFC Station2, Oswego, New York, United States",/species/norwat/US-NY
Northern Waterthrush,"Rice Creek Biological Field Station, Oswego, New York, United States",/species/norwat/US-NY
Northern Waterthrush,"Rice Creek Biological Field Station, Oswego, New York, United States",/species/norwat/US-NY
Northern Waterthrush,"Rice Creek Biological Field Station, Oswego, New York, United States",/species/norwat/US-NY
Northern Waterthrush,"Rice Creek Biological Field Station, Oswego, New York, United States",/species/norwat/US-NY
Orange-crowned Warbler,"Brookfield Park, Richmond, New York, United States",/species/orcwar/US-NY
Orange-crowned Warbler,"Brookfield Park, Richmond, New York, United States",/species/orcwar/US-NY
Orange-crowned Warbler,"Central Park--North End (N of 97th St. Transverse), New York, New York, United States",/species/orcwar/US-NY
Orange-crowned Warbler,"Oakwood Cemetery, Syracuse, Onondaga, New York, United States",/species/orcwar/US-NY
Connecticut Warbler,"Central Park, New York, New York, United States",/species/conwar/US-NY
Connecticut Warbler,"Central Park, New York, New York, United States",/species/conwar/US-NY
Connecticut Warbler,"Central Park, New York, New York, United States",/species/conwar/US-NY
Connecticut Warbler,"Greig Farm, Red Hook (227 Pitcher Lane), Dutchess, New York, United States",/species/conwar/US-NY
Connecticut Warbler,"Madison Square Park, New York, New York, United States",/species/conwar/US-NY
Connecticut Warbler,"Prospect Park, Kings, New York, United States",/species/conwar/US-NY
Connecticut Warbler,"Washington Square Park, New York, New York, United States",/species/conwar/US-NY
Mourning Warbler,"Foster Lake, Allegany, New York, United States",/species/mouwar/US-NY
Mourning Warbler,"Foster Lake, Allegany, New York, United States",/species/mouwar/US-NY
Hooded Warbler,"Alley Pond Park, Queens, New York, United States",/species/hoowar/US-NY
Hooded Warbler,"Manhasset - Private: No Access, Nassau, New York, United States",/species/hoowar/US-NY
Cape May Warbler,"Montezuma (NMWMA)--Howland Island--East, Cayuga, New York, United States",/species/camwar/US-NY
Cape May Warbler,"Montezuma NWR--East Rd., Seneca, New York, United States",/species/camwar/US-NY
Cape May Warbler,"Montezuma NWR--Towpath Rd., Seneca, New York, United States",/species/camwar/US-NY
Magnolia Warbler,"Iroquois NWR--Swallow Hollow Trail, Genesee, New York, United States",/species/magwar/US-NY
Magnolia Warbler,"Iroquois NWR--Swallow Hollow Trail, Genesee, New York, United States",/species/magwar/US-NY
Northern Yellow Warbler,"Greens on Mill, Erie, New York, United States",/species/yelwar1/US-NY
Northern Yellow Warbler,"Keibel Rd., Broome, New York, United States",/species/yelwar1/US-NY
Northern Yellow Warbler,"Sheridan Cemetery and Fields, Chautauqua, New York, United States",/species/yelwar1/US-NY
Northern Yellow Warbler,"Upper Lisle County Park, Broome, New York, United States",/species/yelwar1/US-NY
Northern Yellow Warbler,"Wilkeson Pointe, Erie, New York, United States",/species/yelwar1/US-NY
Northern Yellow Warbler,"Woodlawn Beach SP, Erie, New York, United States",/species/yelwar1/US-NY
Chestnut-sided Warbler,"Chaumont Barrens Preserve, Jefferson, New York, United States",/species/chswar/US-NY
Chestnut-sided Warbler,"Montezuma (NMWMA)--Howland Island--East, Cayuga, New York, United States",/species/chswar/US-NY
Prairie Warbler,"Kingfisher Hollow, Tioga, New York, United States",/species/prawar/US-NY
Summer Tanager,"Central Park--The Pond and Hallett Sanctuary, New York, New York, United States",/species/sumtan/US-NY
Summer Tanager,"Central Park--The Pond and Hallett Sanctuary, New York, New York, United States",/species/sumtan/US-NY
Summer Tanager,"Central Park--The Pond and Hallett Sanctuary, New York, New York, United States",/species/sumtan/US-NY
Summer Tanager,"Central Park--The Pond and Hallett Sanctuary, New York, New York, United States",/species/sumtan/US-NY
Summer Tanager,"Central Park--The Pond and Hallett Sanctuary, New York, New York, United States",/species/sumtan/US-NY
Summer Tanager,"Randalls Island, New York, New York, United States",/species/sumtan/US-NY
Blue Grosbeak,"Fort Totten Park, Queens, New York, United States",/species/blugrb1/US-NY
Blue Grosbeak,"Planting Fields Arboretum, Nassau, New York, United States",/species/blugrb1/US-NY
Dickcissel,"Home, Oswego, New York, United States",/species/dickci/US-NY
Dickcissel,"Kensico Reservoir (Kensico & Rye Lakes), Westchester, New York, United States",/species/dickci/US-NY
Dickcissel,"Lenoir Preserve, Westchester, New York, United States",/species/dickci/US-NY
Dickcissel,"NFC Station2, Oswego, New York, United States",/species/dickci/US-NY
Dickcissel,"Oneida Lake--Lakeshore, Oneida, New York, United States",/species/dickci/US-NY
Dickcissel,"Oneida Lake--Lakeshore, Oneida, New York, United States",/species/dickci/US-NY
Dickcissel,"Oneida Lake--Lakeshore, Oneida, New York, United States",/species/dickci/US-NY
